study_id,model,bibkey,C1,C2,C3,C4,C5,C6,C7,total,rating_source
MR001,PharmaLLM,azam2024pharmallm,1,2,2,1,1,0,1,8,"Earlier S1 Table S5; inherited ordinal coding, not independently re-assessed"
MR002,REFINE,bhoi2023refine,2,2,2,2,2,1,2,13,"Revision full-text appraisal; proposed single-pass coding pending author cross-check; NeurIPS 2023 PDF pp.5-8, Tables 2-3, Figure 4; weighted DDI, medication-change subset, patient cases, private outpatient benchmark; separate dataset analyses do not establish fixed-model external transfer."
MR003,Chen et al.,chen2025calibrationmr,2,1,2,2,1,0,2,10,"Revision full-text evidence check; single pass, not independent multi-reviewer appraisal; Sections 5.1-5.3, Tables 1-3 (PDF pp.5-9); Appendix Tables 4-5"
MR004,Carmen,chen2023context,2,2,2,2,2,1,1,12,"Revision full-text appraisal; proposed single-pass coding pending author cross-check; AAAI 2023 PDF pp.5-6, Tables 1-2, Figures 5-6; DDI appearance and molecular confusion index; separately trained MIMIC benchmarks, no fixed-model external test."
MR005,FLAME,fan2025flame,2,2,2,2,2,1,2,13,"Earlier S1 Table S5; inherited ordinal coding, not independently re-assessed"
MR006,GPSRec,he2025gpsrec,2,2,2,2,2,1,2,13,"Earlier S1 Table S5; inherited ordinal coding, not independently re-assessed"
MR007,KRAM,jin2026kram,2,2,2,2,1,1,2,12,"Revision full-text evidence check; single pass, not independent multi-reviewer appraisal; Sections 5.1-5.2, Tables 6-7 (PDF pp.8-12); Section 5.5 and Table 9 (PDF pp.15-17)"
MR008,HI-DR,HI-DR,2,2,2,2,2,1,1,12,"Revision full-text appraisal; proposed single-pass coding pending author cross-check; AAAI 2025 PDF pp.5-6, Tables 1-2 and similar-visit ablations; DDI, predictive metrics, component analyses; separate MIMIC benchmarks."
MR009,VITA,kim2024vita,2,2,2,2,2,2,2,14,"Earlier S1 Table S5; inherited ordinal coding, not independently re-assessed"
MR010,StratMed,li2023stratmed,2,2,2,2,2,2,2,14,"Earlier S1 Table S5; inherited ordinal coding, not independently re-assessed"
MR011,CausalMed,li2024causalmed,2,2,2,2,2,2,1,13,"Earlier S1 Table S5; inherited ordinal coding, not independently re-assessed"
MR012,Trans-GAHNet,li2024transgahn,2,2,2,2,2,1,1,12,"Earlier S1 Table S5; inherited ordinal coding, not independently re-assessed"
MR013,DGCL,li2023dgcl,2,2,2,2,2,2,2,14,"Earlier S1 Table S5; inherited ordinal coding, not independently re-assessed"
MR014,MR-DTR,li2025mrdtr,2,2,2,2,2,1,2,13,"Earlier S1 Table S5; inherited ordinal coding, not independently re-assessed"
MR015,CIDGMed,CIDGMed,2,2,2,2,2,2,1,13,"Earlier S1 Table S5; inherited ordinal coding, not independently re-assessed"
MR016,TreatRAG,liu2025treatrag,2,2,2,2,1,2,2,13,"Earlier S1 Table S5; inherited ordinal coding, not independently re-assessed"
MR017,EDRMM,liu2025edrmm,2,2,2,2,2,1,1,12,"Earlier S1 Table S5; inherited ordinal coding, not independently re-assessed"
MR018,DNMDR,liu2025dnmdr,2,2,2,2,2,2,1,13,"Earlier S1 Table S5; inherited ordinal coding, not independently re-assessed"
MR019,IMDR,IMDR,2,2,2,2,2,1,2,13,"Revision full-text appraisal; proposed single-pass coding pending author cross-check; Uploaded IMDR.pdf pp.7-9, results tables, missing-view experiments and physician evaluation; DDI and controlled missingness; qualitative visualizations are not faithful rationales."
MR020,TEMPT,liu2025contrastive,2,2,2,2,0,0,2,10,"Earlier S1 Table S5; inherited ordinal coding, not independently re-assessed"
MR021,LEADER,leader,2,2,2,2,0,0,1,9,"Earlier S1 Table S5; inherited ordinal coding, not independently re-assessed"
MR022,SHAPE,liu2023shape,2,2,2,2,2,1,1,12,"Earlier S1 Table S5; inherited ordinal coding, not independently re-assessed"
MR023,DKINet,liu2023dkinet,2,2,2,2,2,2,2,14,"Earlier S1 Table S5; inherited ordinal coding, not independently re-assessed"
MR024,MedAlign,lv2025medalign,2,2,2,2,2,1,2,13,"Earlier S1 Table S5; inherited ordinal coding, not independently re-assessed"
MR025,PAUP,ma2026paup,2,1,2,2,2,1,2,12,"Revision full-text evidence check; single pass, not independent multi-reviewer appraisal; Sections 4.1-4.7, Tables 1-6 (PDF pp.8-13)"
MR026,MedGCN,mao2022medgcn,2,2,2,2,0,1,2,11,"Earlier S1 Table S5; inherited ordinal coding, not independently re-assessed"
MR027,ACDNet,mi2024acdnet,2,2,2,2,2,1,1,12,"Earlier S1 Table S5; inherited ordinal coding, not independently re-assessed"
MR028,BiMoRec,BiMoRec,2,2,2,2,2,1,1,12,"Revision full-text appraisal; proposed single-pass coding pending author cross-check; Open author PDF pp.9-13, Tables 2-3 and Section 6.5; DDI, efficiency and a molecular patient case; no fixed-model external transfer."
MR029,KindMed,mulyadi2023kindmed,2,2,2,2,2,1,2,13,"Earlier S1 Table S5; inherited ordinal coding, not independently re-assessed"
MR030,EGNet,EGNet,2,2,2,2,2,2,2,14,"Earlier S1 Table S5; inherited ordinal coding, not independently re-assessed"
MR031,KATMed,qiao2026katmed,2,1,2,2,2,1,2,12,"Revision full-text evidence check; single pass, not independent multi-reviewer appraisal; Sections 6.1-7.1 and 8.7; Tables 6-10 (PDF pp.9-15)"
MR032,RAG-CPMF,RAG-CPMF,2,2,1,2,2,2,1,12,"Revision full-text evidence check; single pass, not independent multi-reviewer appraisal; Sections 2.4-2.5, 3.4 and 4.3-4.4; Figure 9 (PDF pp.6,9-12)"
MR033,TAHDNet,su2022tahdnet,2,2,2,2,1,2,1,12,"Earlier S1 Table S5; inherited ordinal coding, not independently re-assessed"
MR034,CEHMR,sun2023cehmr,2,2,2,2,2,2,1,13,"Earlier S1 Table S5; inherited ordinal coding, not independently re-assessed"
MR035,4SDrug,tan20224sdrug,2,2,2,2,2,1,2,13,"Earlier S1 Table S5; inherited ordinal coding, not independently re-assessed"
MR036,CAMeR,tang2023debiasing,2,1,1,2,2,2,2,12,"Earlier S1 Table S5; inherited ordinal coding, not independently re-assessed"
MR037,EXCERF,wang2025excerf,2,2,2,2,2,2,2,14,"Earlier S1 Table S5; inherited ordinal coding, not independently re-assessed"
MR038,ARMR,wu2025armr,2,2,2,2,0,1,1,10,"Earlier S1 Table S5; inherited ordinal coding, not independently re-assessed"
MR039,TAKECare,takecare,2,2,2,2,2,1,2,13,"Earlier S1 Table S5; inherited ordinal coding, not independently re-assessed"
MR040,PROMISE,wu2024promise,2,2,2,2,2,1,2,13,"Earlier S1 Table S5; inherited ordinal coding, not independently re-assessed"
MR041,COGNet,wu2022conditional,2,2,2,2,2,1,0,11,"Earlier S1 Table S5; inherited ordinal coding, not independently re-assessed"
MR042,SDRBT,SDRBT,2,2,2,2,2,0,1,11,"Revision full-text appraisal; proposed single-pass coding pending author cross-check; Uploaded SDRBT.pdf pp.6-9, results, cases and efficiency; DDI measured; no recommendation rationale or external transfer reported."
MR043,MoleRec,MoleRec,2,1,2,2,2,2,1,12,"Earlier S1 Table S5; inherited ordinal coding, not independently re-assessed"
MR044,AKA-SafeMed,yu2024aka,2,2,2,2,2,1,1,12,"Earlier S1 Table S5; inherited ordinal coding, not independently re-assessed"
MR045,SSPNet,zhang2025sspnet,2,2,2,2,2,1,1,12,"Earlier S1 Table S5; inherited ordinal coding, not independently re-assessed"
MR046,HKRec,HKRec,2,2,2,2,2,1,2,13,"Revision full-text appraisal; proposed single-pass coding pending author cross-check; Uploaded HKRec.pdf pp.8-13, DDI result tables, visit-count subgroup analysis and attention visualization; no claim of external institutional transfer."
MR047,KEDRec-LM,zhang2025kedrec,2,2,1,1,0,1,1,8,"Earlier S1 Table S5; inherited ordinal coding, not independently re-assessed"
MR048,MedRec,zhang2022knowledge,2,2,2,2,0,2,2,12,"Earlier S1 Table S5; inherited ordinal coding, not independently re-assessed"
MR049,KEHGCN,zhang2026kehgcn,2,2,2,2,2,2,2,14,"Earlier S1 Table S5; inherited ordinal coding, not independently re-assessed"
MR050,BH3-MedRec,zhang2026bh3medrec,2,2,2,2,2,2,2,14,"Earlier S1 Table S5; inherited ordinal coding, not independently re-assessed"
MR051,LAMO,Zhao2025FinegrainedAO,2,2,2,2,1,1,2,12,Revision full-text appraisal; proposed single-pass coding pending author cross-check; Open author PDF pp.3-6 and Supplementary Figures/Tables; medication-count/overprescription proxy and drug-disease knowledge test; reported MIMIC-IV temporal and eICU external evaluation; DDI reasoning limitation noted.
MR052,RAREMed,zhao2024raremed,2,2,2,2,2,0,2,12,"Earlier S1 Table S5; inherited ordinal coding, not independently re-assessed"
MR053,MKAF-Net,zhou2025multi,2,2,2,2,1,1,2,12,"Earlier S1 Table S5; inherited ordinal coding, not independently re-assessed"
MR054,TCM-KLLaMA,TCM-KLLaMA,2,2,2,2,1,1,1,11,"Revision full-text evidence check; single pass, not independent multi-reviewer appraisal; Sections 4.1-4.5 and 5; Tables 1-3 (PDF pp.5-8)"
MR055,DAI-Net,zou2024dai,2,1,2,2,2,2,2,13,"Earlier S1 Table S5; inherited ordinal coding, not independently re-assessed"
MR056,RPNet,li2026rpnet,2,2,2,2,2,1,2,13,"Revision full-text appraisal; proposed single-pass coding pending author cross-check; Uploaded RPNet.pdf pp.6-10, Tables 2-3, qualitative example, controlled test-code deletion and aggregate DDI; case is not expert validation."
MR057,Nephrotoxic medication RL,kim2026safetyrl,2,1,2,2,2,2,2,13,"Revision full-text appraisal; proposed single-pass coding pending author cross-check; Uploaded Safety-aware explainable.pdf Sections 2-4 and Appendix A; adverse outcomes, integrated gradients, later same-hospital temporal validation; conflicting cohort totals qualify C2."
MR058,MetaDrug,moghaddam2026metadrug,2,2,2,2,2,0,2,12,"Revision full-text appraisal; proposed single-pass coding pending author cross-check; arXiv:2601.22820v1 pp.6-9, Tables III-VI; DDI and cold-start/code-diversity subgroups; support-set uncertainty filter is not output calibration or recommendation explanation."
MR059,HypeMed,zhang2026hypemed,2,2,2,2,2,1,1,12,"Revision full-text appraisal; proposed single-pass coding pending author cross-check; arXiv:2603.18459 pp.12-24, DDI on MIMIC-III/IV, retrieval case and efficiency; separately trained eICU lacks DDI evaluation."
MR060,GenRxR,kang2026genrxr,2,2,2,2,2,1,2,13,"Revision full-text appraisal; proposed single-pass coding pending author cross-check; Open author PDF pp.5-7, Tables 2-3; DDI and rare/frequent medication subgroup; expert assesses synthetic-record plausibility, not clinical safety of recommendations."
